concepto,partida_cod
Accesorios vehiculos,2.18
Activos para la venta,CAPEX
Agua potable,2.15
Alimentación,2.16
Analisis quimicos,2.11
Arriendo Inmueble,2.15
Arriendo contenedores,2.07
Arriendo de Vehículos,2.16
Arriendo de camiones,2.07
Arriendo de camionetas,2.07
Arriendo de inmuebles,2.15
Arriendo de radios,2.14
Arriendo maquinarias,2.07
Articulos de escritorio,2.11
Articulos de oficina,2.11
Asesoria Auditoria,2.22
Asesoria Contable,2.22
Asesoria Ingeneria,2.22
Asesoria Profesional,2.22
Asesorias,2.15
Asesorías,2.15
Asesorías financieras,2.22
Capacitacion,2.15
Capacitación,2.15
Certificaciones,2.15
Colaciones casino faena,2.13
Combustible,2.08
Combustibles,2.08
Consumo Quimicos Plantas,2.11
Correspondencia,2.15
Dep. activos fijos,2.06
Dep. activos fijos Adm,2.06
Elementos de trabajo,2.11
Elementos seguridad industrial,2.12
Energia electrica,2.15
Examenes pre-ocupacionales,2.03
Exámenes de salud,2.03
Exámenes psicolaborales,2.03
Fletes,2.20
GPS,2.14
Gas,(Revisar)
Gastos notariales y legales,2.15
Hospedaje en faena,2.13
Hoteles,2.16
Impto especifico por recuperar,(Revisar)
Insumos Baños,2.11
Internet,2.14
Lavado de equipos,2.17
Lubricantes,2.08
Mant y carga de extintores,2.12
Mant. instalaciones produccion,2.17
Mantencion Edificio,2.15
Mantencion de baños quimicos,2.17
Mantencion de vehiculos,2.18
Mantencion preventiva,2.18
Marketing y publicidad,2.15
Materiales de aseo,2.11
Maxisacos,2.11
Neumaticos,2.09
Otras reparaciones,2.18
Otros arriendos,2.07
Patente comercial,2.15
Peajes,2.15
Permisos de circulacion,2.18
Pintura de equipos,2.17
Publicaciones,2.03
Puente Activo fijo,CAPEX
Recobro Franquicias,(Revisar)
Reembolsables,2.23
Regalías al personal,2.15
Rep. cajas cont. y carros,2.17
Reparacion correctiva,2.18
Reparacion equipos,2.17
Repuestos,2.18
Revision tecnica,2.18
Ropa de trabajo,2.12
Ropa reposicion clientes,2.12
Seguridad y vigilancia,2.15
seguros,2.15
Servicio de Lavandería,2.15
Sistemas,2.14
Software,2.14
Talonarios,2.11
Tambores,2.11
Telefonia movil,2.14
Transporte de residuos,2.05
Transporte personal,2.04
VENTA RESIDUOS COMERCIALIZABLE,(Revisar)
Vertederos,2.05
Vulcanizacion,2.18
Viajes,2.16
COSTO DEL PERSONAL,2.01
COSTO DE FINIQUITOS,2.02
FRANQUICIA,2.10
Asesoria Profesional (SG),2.22
"Rep. cajas, cont. y carros",2.17
Compra de chatarra,2.19
Asesoria Profesional(SG),2.22
