Concepto;CONCEPTOIMPUTACION;Codigo_partida;Nombre_partida;
COSTO DEL PERSONAL;;2.01;COSTOS DE PERSONAL;
COSTO DE FINIQUITOS;;2.02;COSTO DE FINIQUITOS;
Exámenes de salud;20530;2.03;COSTO DE RECLUTAMIENTO;
Exámenes de salud;30520;2.03;COSTO DE RECLUTAMIENTO;
Exámenes psicolaborales;30530;2.03;COSTO DE RECLUTAMIENTO;
Examenes pre-ocupacionales;20550;2.03;COSTO DE RECLUTAMIENTO;
Publicaciones;30510;2.03;COSTO DE RECLUTAMIENTO;
Transporte personal;20610;2.04;TRANSPORTE DE PERSONAL;
Transporte de residuos;20720;2.05;DISPOSICION DE RESIDUOS;
Vertederos;20710;2.05;DISPOSICION DE RESIDUOS;
Dep. activos fijos;;2.06;DEPRECIACIÓN;
Dep. activos fijos Adm;;2.06;DEPRECIACIÓN;
Arriendo de camiones;20920;2.07;ARRIENDO DE VEHÍCULOS Y EQUIPOS;
Arriendo de camionetas;20930;2.07;ARRIENDO DE VEHÍCULOS Y EQUIPOS;
Arriendo contenedores;20910;2.07;ARRIENDO DE VEHÍCULOS Y EQUIPOS;
Arriendo maquinarias;20940;2.07;ARRIENDO DE VEHÍCULOS Y EQUIPOS;
Otros arriendos;20950;2.07;ARRIENDO DE VEHÍCULOS Y EQUIPOS;
Combustible;31050;2.08;COMBUSTIBLES Y LUBRICANTES;
Combustibles;21010;2.08;COMBUSTIBLES Y LUBRICANTES;
Lubricantes;21030;2.08;COMBUSTIBLES Y LUBRICANTES;
Neumaticos;21110;2.09;NEUMATICOS;
FRANQUICIA;;2.10;FRANQUICIA;
Articulos de oficina;31030;2.11;ELEMENTOS DE TRABAJO;
Articulos de escritorio;21310;2.11;ELEMENTOS DE TRABAJO;
Consumo Quimicos Plantas;21380;2.11;ELEMENTOS DE TRABAJO;
Elementos de trabajo;21320;2.11;ELEMENTOS DE TRABAJO;
Elementos de trabajo;31190;2.11;ELEMENTOS DE TRABAJO;
Insumos Baños;21370;2.11;ELEMENTOS DE TRABAJO;
Materiales de aseo;21395;2.11;ELEMENTOS DE TRABAJO;
Maxisacos;21340;2.11;ELEMENTOS DE TRABAJO;
Talonarios;21311;2.11;ELEMENTOS DE TRABAJO;
Analisis quimicos;21390;2.11;ELEMENTOS DE TRABAJO;
Tambores;21360;2.11;ELEMENTOS DE TRABAJO;
Ropa de trabajo;21420;2.12;ELEMENTOS DE SEGURIDAD;
Ropa reposicion clientes;22810;2.12;ELEMENTOS DE SEGURIDAD;
Mant y carga de extintores;21430;2.12;ELEMENTOS DE SEGURIDAD;
Elementos seguridad industrial;21410;2.12;ELEMENTOS DE SEGURIDAD;
Colaciones casino faena;21510;2.13;ALIMENTACIÓN Y ALOJAMIENTO;
Hospedaje en faena;21520;2.13;ALIMENTACIÓN Y ALOJAMIENTO;
GPS;21650;2.14;IT Y TELECOMUNICACIONES;
Internet;21660;2.14;IT Y TELECOMUNICACIONES;
Sistemas;31410;2.14;IT Y TELECOMUNICACIONES;
Software;21620;2.14;IT Y TELECOMUNICACIONES;
Telefonia movil;21630;2.14;IT Y TELECOMUNICACIONES;
Telefonia movil;31420;2.14;IT Y TELECOMUNICACIONES;
Arriendo de radios;21610;2.14;IT Y TELECOMUNICACIONES;
Agua potable;21710;2.15;OTROS COSTOS;
Arriendo Inmueble;31180;2.15;OTROS COSTOS;
Arriendo de inmuebles;21720;2.15;OTROS COSTOS;
Asesorías;30610;2.15;OTROS COSTOS;
Asesorias;21770;2.15;OTROS COSTOS;
Capacitacion;21730;2.15;OTROS COSTOS;
Capacitacion;31110;2.15;OTROS COSTOS;
Correspondencia;;2.15;OTROS COSTOS;
Energia electrica;;2.15;OTROS COSTOS;
Gastos notariales y legales;;2.15;OTROS COSTOS;
Peajes;;2.15;OTROS COSTOS;
Regalías al personal;21840;2.15;OTROS COSTOS;
Regalías al personal;31120;2.15;OTROS COSTOS;
Marketing y publicidad;31310;2.15;OTROS COSTOS;
Seguridad y vigilancia;21820;2.15;OTROS COSTOS;
seguros;21750;2.15;OTROS COSTOS;
Mantencion Edificio;31170;2.15;OTROS COSTOS;
Servicio de Lavandería;21830;2.15;OTROS COSTOS;
Patente comercial;31130;2.15;OTROS COSTOS;
Certificaciones;21850;2.15;OTROS COSTOS;
Asesoria Profesional (SG);;2.22;ASESORÍA PROFESIONALES;
Alimentación;22040;2.16;VIAJES Y ESTADIAS;
Hoteles;30920;2.16;VIAJES Y ESTADIAS;
Viajes;;2.16;VIAJES Y ESTADIAS;
Arriendo de Vehículos;22030;2.16;VIAJES Y ESTADIAS;
Lavado de equipos;22120;2.17;COSTO DE MANTENCIÓN DE EQUIPOS;
Mant. instalaciones produccion;22130;2.17;COSTO DE MANTENCIÓN DE EQUIPOS;
Mantencion de baños quimicos;22110;2.17;COSTO DE MANTENCIÓN DE EQUIPOS;
Pintura de equipos;22150;2.17;COSTO DE MANTENCIÓN DE EQUIPOS;
Rep. cajas; cont. y carros;22140;2.17;COSTO DE MANTENCIÓN DE EQUIPOS
Reparacion equipos;22160;2.17;COSTO DE MANTENCIÓN DE EQUIPOS;
Accesorios vehiculos;22240;2.18;COSTO DE MANTENCIÓN DE VEHICULOS;
Mantencion preventiva;22270;2.18;COSTO DE MANTENCIÓN DE VEHICULOS;
Otras reparaciones;22260;2.18;COSTO DE MANTENCIÓN DE VEHICULOS;
Permisos de circulacion;;2.18;COSTO DE MANTENCIÓN DE VEHICULOS;
Reparacion correctiva;22250;2.18;COSTO DE MANTENCIÓN DE VEHICULOS;
Repuestos;22230;2.18;COSTO DE MANTENCIÓN DE VEHICULOS;
Revision tecnica;;2.18;COSTO DE MANTENCIÓN DE VEHICULOS;
Vulcanizacion;22280;2.18;COSTO DE MANTENCIÓN DE VEHICULOS;
Fletes;22310;2.20;FLETES;
Fletes;31090;2.20;FLETES;
Compra de chatarra;22410;2.19;COMPRA CHATARRA;
Reembolsables;22710;2.23;REEMBOLSABLES;
